created,text,retwc,hashtag,followers,friends,subjectivity,polarity
2021-10-07 16:43:16,b'No quarantine for Indian \xf0\x9f\x87\xae\xf0\x9f\x87\xb3 travellers to UK \xf0\x9f\x87\xac\xf0\x9f\x87\xa7 fully vaccinated with Covishield or another UK-approved vaccine fro\xe2\x80\xa6 https://t.co/k9wf3dtPhM',4435,None,42393,670,0.0,0.0
2021-10-07 16:49:47,b'#WATCH | No quarantine for Indian travellers to UK fully vaccinated with Covishield or another UK-approved vaccine\xe2\x80\xa6 https://t.co/bB3I1bVJZf',2191,WATCH,6133800,0,0.0,0.0
2021-10-07 15:26:35,"b'Government of India has permitted Serum Institute of India (SII) to export 10 lakh Covishield doses each to Nepal,\xe2\x80\xa6 https://t.co/7BkVfn4CQ8'",676,None,6133800,0,0.0,0.0
2021-10-09 04:02:16,"b'RT @ANI: #WATCH We are delighted with UK-India cooperation on Covishield, those travelling from India can now enter the UK without quaranti\xe2\x80\xa6'",54,WATCH,59,286,0.7,0.7
2021-10-09 04:01:37,"b'RT @ANI: #WATCH We are delighted with UK-India cooperation on Covishield, those travelling from India can now enter the UK without quaranti\xe2\x80\xa6'",54,WATCH,70,115,0.7,0.7
2021-10-09 04:01:35,"b""RT @htTweets: The UK has now accepted India's #Covishield vaccine and its certificate.\n\nhttps://t.co/0IOrYJV8Kt""",4,Covishield,137,262,0.0,0.0
2021-10-09 04:01:24,"b'RT @ANI: #WATCH We are delighted with UK-India cooperation on Covishield, those travelling from India can now enter the UK without quaranti\xe2\x80\xa6'",54,WATCH,598,783,0.7,0.7
2021-10-09 04:01:20,"b'RT @ANI: #WATCH We are delighted with UK-India cooperation on Covishield, those travelling from India can now enter the UK without quaranti\xe2\x80\xa6'",54,WATCH,128,68,0.7,0.7
2021-10-09 04:00:54,"b'RT @ANI: #WATCH We are delighted with UK-India cooperation on Covishield, those travelling from India can now enter the UK without quaranti\xe2\x80\xa6'",54,WATCH,2,107,0.7,0.7
2021-10-09 04:00:27,b'45+ #BBMP #Bengaluru #CovidVaccine Availability for 09/10 at 09:30AM\nFREE Slots 0\nPAID Slots \n#COVISHIELD - Dose1:8\xe2\x80\xa6 https://t.co/wiaR5qDx0U',0,BBMP,26,0,0.0,0.0
2021-10-09 04:00:26,b'RT @DrJohnB2: A 18-year-old man\n- After getting the 1st dose of the #CovidVaccine (Covishield): headache &amp; recurrent vomiting for five days\xe2\x80\xa6',2420,CovidVaccine,467,1747,0.0,0.0
2021-10-09 04:00:19,"b'Friday 8/10/21 #CoWIN_Dashboard &amp; @MoHFW_INDIA figures\n\n#COVID19 cases- 19,740\nNo. vaccinated- 7,912,202\n1st dose-\xe2\x80\xa6 https://t.co/dWdxXvADrv'",0,CoWIN_Dashboard,42,512,0.0,0.0
2021-10-09 04:00:16,b'45+ #URBAN #Bengaluru #CovidVaccine Availability for 09/10 at 09:30AM\nFREE Slots 0\nPAID Slots \n#COVISHIELD - Dose1:\xe2\x80\xa6 https://t.co/NrXhCbnhdS',0,URBAN,26,0,0.0,0.0
2021-10-09 04:00:00,b'The tit-for-tat quarantine rules for travellers between India and the UK will end next week after Britain announced\xe2\x80\xa6 https://t.co/Yn2MScWxmY',0,None,1127043,323,0.0,0.0
2021-10-09 03:59:55,b'RT @DrJohnB2: A 18-year-old man\n- After getting the 1st dose of the #CovidVaccine (Covishield): headache &amp; recurrent vomiting for five days\xe2\x80\xa6',2420,CovidVaccine,2,209,0.0,0.0
2021-10-09 03:59:53,"b'RT @ANI: #WATCH We are delighted with UK-India cooperation on Covishield, those travelling from India can now enter the UK without quaranti\xe2\x80\xa6'",54,WATCH,213,137,0.7,0.7
2021-10-09 03:59:53,"b'RT @ANI: #WATCH We are delighted with UK-India cooperation on Covishield, those travelling from India can now enter the UK without quaranti\xe2\x80\xa6'",54,WATCH,1509,576,0.7,0.7
2021-10-09 03:59:41,"b'RT @ndtv: We are delighted with UK-India cooperation on #Covishield; those travelling from India can now enter the UK without quarantine, s\xe2\x80\xa6'",5,Covishield,28,204,0.7,0.7
2021-10-09 03:59:05,b'West delhi has at least 32681 new slots available between 09-10-21 &amp; 16-10-21.\n\nCovishield:\nDose1- 18+/45+:8954/419\xe2\x80\xa6 https://t.co/toS03Jc6IC',0,None,208,8,0.41818181818181815,0.0787878787878788
2021-10-09 03:58:42,b'RT @DrJohnB2: A 18-year-old man\n- After getting the 1st dose of the #CovidVaccine (Covishield): headache &amp; recurrent vomiting for five days\xe2\x80\xa6',2420,CovidVaccine,44,198,0.0,0.0
2021-10-09 03:57:43,b'RT @RLR_BTM: COVAXIN &amp; COVISHIELD will be given at the following locations for the benefit of the citizens.\n\nKindly make use of this opport\xe2\x80\xa6',9,None,693,446,0.1,0.0
2021-10-09 03:55:34,b'RT @DrJohnB2: A 18-year-old man\n- After getting the 1st dose of the #CovidVaccine (Covishield): headache &amp; recurrent vomiting for five days\xe2\x80\xa6',2420,CovidVaccine,209,351,0.0,0.0
2021-10-09 03:55:29,b'RT @DrJohnB2: A 18-year-old man\n- After getting the 1st dose of the #CovidVaccine (Covishield): headache &amp; recurrent vomiting for five days\xe2\x80\xa6',2420,CovidVaccine,21,89,0.0,0.0
2021-10-09 03:55:04,"b'RT @ANI: #WATCH We are delighted with UK-India cooperation on Covishield, those travelling from India can now enter the UK without quaranti\xe2\x80\xa6'",54,WATCH,26,493,0.7,0.7
2021-10-09 03:55:00,b'RT @DrJohnB2: A 18-year-old man\n- After getting the 1st dose of the #CovidVaccine (Covishield): headache &amp; recurrent vomiting for five days\xe2\x80\xa6',2420,CovidVaccine,231,715,0.0,0.0
2021-10-09 03:54:33,"b'RT @ANI: #WATCH We are delighted with UK-India cooperation on Covishield, those travelling from India can now enter the UK without quaranti\xe2\x80\xa6'",54,WATCH,540,212,0.7,0.7
2021-10-09 03:54:14,b'RT @DrJohnB2: A 18-year-old man\n- After getting the 1st dose of the #CovidVaccine (Covishield): headache &amp; recurrent vomiting for five days\xe2\x80\xa6',2420,CovidVaccine,42,619,0.0,0.0
2021-10-09 03:53:53,"b'RT @ANI: #WATCH We are delighted with UK-India cooperation on Covishield, those travelling from India can now enter the UK without quaranti\xe2\x80\xa6'",54,WATCH,207,162,0.7,0.7
2021-10-09 03:53:35,"b'RT @ndtv: We are delighted with UK-India cooperation on #Covishield; those travelling from India can now enter the UK without quarantine, s\xe2\x80\xa6'",5,Covishield,1950,38,0.7,0.7
2021-10-09 03:53:30,"b'RT @ANI: #WATCH We are delighted with UK-India cooperation on Covishield, those travelling from India can now enter the UK without quaranti\xe2\x80\xa6'",54,WATCH,68,1118,0.7,0.7
2021-10-09 03:53:13,b'RT @DrJohnB2: A 18-year-old man\n- After getting the 1st dose of the #CovidVaccine (Covishield): headache &amp; recurrent vomiting for five days\xe2\x80\xa6',2420,CovidVaccine,484,148,0.0,0.0
2021-10-09 03:53:09,b'RT @DrJohnB2: A 18-year-old man\n- After getting the 1st dose of the #CovidVaccine (Covishield): headache &amp; recurrent vomiting for five days\xe2\x80\xa6',2420,CovidVaccine,1328,3077,0.0,0.0
2021-10-09 03:53:04,"b'RT @ndtv: We are delighted with UK-India cooperation on #Covishield; those travelling from India can now enter the UK without quarantine, s\xe2\x80\xa6'",5,Covishield,256,703,0.7,0.7
2021-10-09 03:53:00,"b'RT @ANI: #WATCH We are delighted with UK-India cooperation on Covishield, those travelling from India can now enter the UK without quaranti\xe2\x80\xa6'",54,WATCH,505,1113,0.7,0.7
2021-10-09 03:52:51,"b'RT @ANI: #WATCH We are delighted with UK-India cooperation on Covishield, those travelling from India can now enter the UK without quaranti\xe2\x80\xa6'",54,WATCH,20,519,0.7,0.7
2021-10-09 03:52:35,b'RT @DrJohnB2: A 18-year-old man\n- After getting the 1st dose of the #CovidVaccine (Covishield): headache &amp; recurrent vomiting for five days\xe2\x80\xa6',2420,CovidVaccine,705,3307,0.0,0.0
2021-10-09 03:52:32,"b'RT @ndtv: We are delighted with UK-India cooperation on #Covishield; those travelling from India can now enter the UK without quarantine, s\xe2\x80\xa6'",5,Covishield,61805,3260,0.7,0.7
2021-10-09 03:52:25,"b'@DCEastSinghbhum @HemantSorenJMM @JharkhandCMO @PRDJSR Respected Sir, the total of Covishield and Covaxon count is\xe2\x80\xa6 https://t.co/roJ2MeT8rF'",0,None,23,70,0.75,0.0
2021-10-09 03:51:35,"b'RT @CollectorCbe: It is informed that today 09.10.2021, In Corporation areas, 32 camps\nwith 6400 COVISHIELD &amp; 1600 COVAXIN doses and In Rur\xe2\x80\xa6'",8,None,245,1958,0.0,0.0
2021-10-09 03:51:14,b'RT @DrJohnB2: A 18-year-old man\n- After getting the 1st dose of the #CovidVaccine (Covishield): headache &amp; recurrent vomiting for five days\xe2\x80\xa6',2420,CovidVaccine,1683,2338,0.0,0.0
2021-10-09 03:51:02,"b'*Govt. HOSPITAL, KANCHIPURAM*\n*24 Hours Covid Vaccination Centre*\n\n*1. Vaccines Status 09/10/2021, 8 am*\nCovishield\xe2\x80\xa6 https://t.co/N6oSuGb5YU'",0,None,478,0,0.0,0.0
2021-10-09 03:50:59,b'We are delighted with UK-India cooperation on #Covishield; those travelling from India can now enter the UK without\xe2\x80\xa6 https://t.co/POpKfrp9IN',5,Covishield,16177389,14,0.7,0.7
2021-10-09 03:50:51,b'RT @DrJohnB2: A 18-year-old man\n- After getting the 1st dose of the #CovidVaccine (Covishield): headache &amp; recurrent vomiting for five days\xe2\x80\xa6',2420,CovidVaccine,39,88,0.0,0.0
2021-10-09 03:50:38,b'RT @DrJohnB2: A 18-year-old man\n- After getting the 1st dose of the #CovidVaccine (Covishield): headache &amp; recurrent vomiting for five days\xe2\x80\xa6',2420,CovidVaccine,17259,11268,0.0,0.0
2021-10-09 03:50:25,"b'RT @ANI: #WATCH We are delighted with UK-India cooperation on Covishield, those travelling from India can now enter the UK without quaranti\xe2\x80\xa6'",54,WATCH,62,145,0.7,0.7
2021-10-09 03:50:23,b'RT @DrJohnB2: A 18-year-old man\n- After getting the 1st dose of the #CovidVaccine (Covishield): headache &amp; recurrent vomiting for five days\xe2\x80\xa6',2420,CovidVaccine,1336,270,0.0,0.0
2021-10-09 03:49:57,b'RT @DrJohnB2: A 18-year-old man\n- After getting the 1st dose of the #CovidVaccine (Covishield): headache &amp; recurrent vomiting for five days\xe2\x80\xa6',2420,CovidVaccine,736,788,0.0,0.0
2021-10-09 03:49:49,"b'RT @ANI: #WATCH We are delighted with UK-India cooperation on Covishield, those travelling from India can now enter the UK without quaranti\xe2\x80\xa6'",54,WATCH,78,633,0.7,0.7
2021-10-09 03:49:49,b'RT @DrJohnB2: A 18-year-old man\n- After getting the 1st dose of the #CovidVaccine (Covishield): headache &amp; recurrent vomiting for five days\xe2\x80\xa6',2420,CovidVaccine,177,1214,0.0,0.0
2021-10-09 03:49:45,"b'RT @ANI: #WATCH We are delighted with UK-India cooperation on Covishield, those travelling from India can now enter the UK without quaranti\xe2\x80\xa6'",54,WATCH,890,932,0.7,0.7
2021-10-09 03:49:37,"b'RT @ANI: #WATCH We are delighted with UK-India cooperation on Covishield, those travelling from India can now enter the UK without quaranti\xe2\x80\xa6'",54,WATCH,683,803,0.7,0.7
2021-10-09 03:49:28,b'RT @DrJohnB2: A 18-year-old man\n- After getting the 1st dose of the #CovidVaccine (Covishield): headache &amp; recurrent vomiting for five days\xe2\x80\xa6',2420,CovidVaccine,127,1509,0.0,0.0
2021-10-09 03:49:11,"b'RT @ANI: #WATCH We are delighted with UK-India cooperation on Covishield, those travelling from India can now enter the UK without quaranti\xe2\x80\xa6'",54,WATCH,642,100,0.7,0.7
2021-10-09 03:49:02,"b'RT @ANI: #WATCH We are delighted with UK-India cooperation on Covishield, those travelling from India can now enter the UK without quaranti\xe2\x80\xa6'",54,WATCH,72,215,0.7,0.7
2021-10-09 03:48:45,b'RT @DrJohnB2: A 18-year-old man\n- After getting the 1st dose of the #CovidVaccine (Covishield): headache &amp; recurrent vomiting for five days\xe2\x80\xa6',2420,CovidVaccine,106,450,0.0,0.0
2021-10-09 03:48:08,"b'RT @ANI: #WATCH We are delighted with UK-India cooperation on Covishield, those travelling from India can now enter the UK without quaranti\xe2\x80\xa6'",54,WATCH,489,2563,0.7,0.7
2021-10-09 03:48:01,"b'RT @sidhant: ""Raised issues important for Nepal,  border issues, covishield issue that need to be delivered to Nepal, fertilizer deliveries\xe2\x80\xa6'",6,None,163,944,1.0,0.4
2021-10-09 03:47:56,b'RT @DrJohnB2: A 18-year-old man\n- After getting the 1st dose of the #CovidVaccine (Covishield): headache &amp; recurrent vomiting for five days\xe2\x80\xa6',2420,CovidVaccine,558,1963,0.0,0.0
2021-10-09 03:47:50,b'Carried by #HT and other media \nhttps://t.co/pqduxoeMtr',0,HT,259,500,0.375,-0.125
2021-10-09 03:47:49,"b'RT @ANI: #WATCH We are delighted with UK-India cooperation on Covishield, those travelling from India can now enter the UK without quaranti\xe2\x80\xa6'",54,WATCH,168,75,0.7,0.7
2021-10-09 03:47:20,b'RT @DrJohnB2: A 18-year-old man\n- After getting the 1st dose of the #CovidVaccine (Covishield): headache &amp; recurrent vomiting for five days\xe2\x80\xa6',2420,CovidVaccine,113,361,0.0,0.0
2021-10-09 03:47:00,"b""RT @NSawaikar: Welcome UK administration's decision to allow fully vaccinated Indian travellers to UK with Covishield or UK-approved vaccin\xe2\x80\xa6""",4,None,5255,223,0.9,0.8
2021-10-09 03:46:52,"b'RT @ANI: #WATCH We are delighted with UK-India cooperation on Covishield, those travelling from India can now enter the UK without quaranti\xe2\x80\xa6'",54,WATCH,153,114,0.7,0.7
2021-10-09 03:46:27,b'RT @DrJohnB2: A 18-year-old man\n- After getting the 1st dose of the #CovidVaccine (Covishield): headache &amp; recurrent vomiting for five days\xe2\x80\xa6',2420,CovidVaccine,2358,1105,0.0,0.0
2021-10-09 03:46:26,b'@ANI UK High Commissioner: The delight with UK-India co-operation on #Covishield stems from the strong whip on the\xe2\x80\xa6 https://t.co/ruClj160hO',0,Covishield,225,123,0.6366666666666666,0.29666666666666663
2021-10-09 03:46:15,b'RT @DrJohnB2: A 18-year-old man\n- After getting the 1st dose of the #CovidVaccine (Covishield): headache &amp; recurrent vomiting for five days\xe2\x80\xa6',2420,CovidVaccine,131433,457,0.0,0.0
2021-10-09 03:46:09,"b'RT @ANI: #WATCH We are delighted with UK-India cooperation on Covishield, those travelling from India can now enter the UK without quaranti\xe2\x80\xa6'",54,WATCH,191,413,0.7,0.7
2021-10-09 03:45:56,"b'RT @WIONews: Britain has decided to scrap its tough #COVID19 quarantine requirement for 47 countries, including India. Those fully vaccinat\xe2\x80\xa6'",7,COVID19,163,944,0.8333333333333334,-0.3888888888888889
2021-10-09 03:45:41,"b'RT @ANI: #WATCH We are delighted with UK-India cooperation on Covishield, those travelling from India can now enter the UK without quaranti\xe2\x80\xa6'",54,WATCH,495,460,0.7,0.7
2021-10-09 03:45:40,b'RT @DrJohnB2: A 18-year-old man\n- After getting the 1st dose of the #CovidVaccine (Covishield): headache &amp; recurrent vomiting for five days\xe2\x80\xa6',2420,CovidVaccine,2,55,0.0,0.0
2021-10-09 03:45:27,"b'RT @ANI: #WATCH We are delighted with UK-India cooperation on Covishield, those travelling from India can now enter the UK without quaranti\xe2\x80\xa6'",54,WATCH,320,1199,0.7,0.7
2021-10-09 03:45:27,"b'RT @ANI: #WATCH We are delighted with UK-India cooperation on Covishield, those travelling from India can now enter the UK without quaranti\xe2\x80\xa6'",54,WATCH,55,46,0.7,0.7
2021-10-09 03:45:06,"b'New Guidelines for UK to release soon , MY report filed on Friday #Covishield\n#adarpoonawalla\nhttps://t.co/W6of57yI7X'",0,Covishield,259,500,0.45454545454545453,0.13636363636363635
2021-10-09 03:45:05,"b'RT @ANI: #WATCH We are delighted with UK-India cooperation on Covishield, those travelling from India can now enter the UK without quaranti\xe2\x80\xa6'",54,WATCH,2777,3044,0.7,0.7
2021-10-09 03:45:01,"b'RT @ANI: #WATCH We are delighted with UK-India cooperation on Covishield, those travelling from India can now enter the UK without quaranti\xe2\x80\xa6'",54,WATCH,531,927,0.7,0.7
2021-10-09 03:44:34,"b'RT @ANI: #WATCH We are delighted with UK-India cooperation on Covishield, those travelling from India can now enter the UK without quaranti\xe2\x80\xa6'",54,WATCH,947,3094,0.7,0.7
2021-10-09 03:44:28,"b'RT @ANI: #WATCH We are delighted with UK-India cooperation on Covishield, those travelling from India can now enter the UK without quaranti\xe2\x80\xa6'",54,WATCH,261,363,0.7,0.7
2021-10-09 03:44:14,"b'RT @ANI: #WATCH We are delighted with UK-India cooperation on Covishield, those travelling from India can now enter the UK without quaranti\xe2\x80\xa6'",54,WATCH,115,43,0.7,0.7
2021-10-09 03:44:04,b'RT @DrJohnB2: A 18-year-old man\n- After getting the 1st dose of the #CovidVaccine (Covishield): headache &amp; recurrent vomiting for five days\xe2\x80\xa6',2420,CovidVaccine,187,511,0.0,0.0
2021-10-09 03:44:01,"b'RT @ANI: #WATCH We are delighted with UK-India cooperation on Covishield, those travelling from India can now enter the UK without quaranti\xe2\x80\xa6'",54,WATCH,166,570,0.7,0.7
2021-10-09 03:43:42,"b'RT @bashirahmed073: Everything is fine but when will the flight open directly, when will we Indians get approval in Saudi to go directly, a\xe2\x80\xa6'",3,None,45,102,0.44999999999999996,0.15416666666666667
2021-10-09 03:43:32,"b'RT @ANI: #WATCH We are delighted with UK-India cooperation on Covishield, those travelling from India can now enter the UK without quaranti\xe2\x80\xa6'",54,WATCH,21,303,0.7,0.7
2021-10-09 03:43:25,"b'RT @ANI: #WATCH We are delighted with UK-India cooperation on Covishield, those travelling from India can now enter the UK without quaranti\xe2\x80\xa6'",54,WATCH,12989,4872,0.7,0.7
2021-10-09 03:43:24,"b'RT @ANI: #WATCH We are delighted with UK-India cooperation on Covishield, those travelling from India can now enter the UK without quaranti\xe2\x80\xa6'",54,WATCH,175,1749,0.7,0.7
2021-10-09 03:43:19,"b'RT @ANI: #WATCH We are delighted with UK-India cooperation on Covishield, those travelling from India can now enter the UK without quaranti\xe2\x80\xa6'",54,WATCH,301,128,0.7,0.7
2021-10-09 03:43:14,"b'RT @ANI: #WATCH We are delighted with UK-India cooperation on Covishield, those travelling from India can now enter the UK without quaranti\xe2\x80\xa6'",54,WATCH,674,4507,0.7,0.7
2021-10-09 03:43:12,b'RT @DrJohnB2: A 18-year-old man\n- After getting the 1st dose of the #CovidVaccine (Covishield): headache &amp; recurrent vomiting for five days\xe2\x80\xa6',2420,CovidVaccine,2907,3549,0.0,0.0
2021-10-09 03:43:12,b'RT @DrJohnB2: A 18-year-old man\n- After getting the 1st dose of the #CovidVaccine (Covishield): headache &amp; recurrent vomiting for five days\xe2\x80\xa6',2420,CovidVaccine,1357,1729,0.0,0.0
2021-10-09 03:43:08,"b'RT @ANI: #WATCH We are delighted with UK-India cooperation on Covishield, those travelling from India can now enter the UK without quaranti\xe2\x80\xa6'",54,WATCH,0,13,0.7,0.7
2021-10-09 03:43:02,"b'RT @ANI: #WATCH We are delighted with UK-India cooperation on Covishield, those travelling from India can now enter the UK without quaranti\xe2\x80\xa6'",54,WATCH,8,63,0.7,0.7
2021-10-09 03:42:44,"b'RT @ANI: #WATCH We are delighted with UK-India cooperation on Covishield, those travelling from India can now enter the UK without quaranti\xe2\x80\xa6'",54,WATCH,42,220,0.7,0.7
2021-10-09 03:42:08,"b'RT @ANI: #WATCH We are delighted with UK-India cooperation on Covishield, those travelling from India can now enter the UK without quaranti\xe2\x80\xa6'",54,WATCH,30488,457,0.7,0.7
2021-10-09 03:42:03,"b'RT @ANI: #WATCH We are delighted with UK-India cooperation on Covishield, those travelling from India can now enter the UK without quaranti\xe2\x80\xa6'",54,WATCH,287548,2057,0.7,0.7
2021-10-09 03:42:02,b'East Delhi has at least 13303 new slots available between 09-10-21 &amp; 16-10-21.\n\nCovishield:\nDose1- 18+/45+:6387/0\nD\xe2\x80\xa6 https://t.co/UgwL8NV73T',0,None,208,8,0.41818181818181815,0.0787878787878788
2021-10-09 03:42:02,"b'RT @ANI: #WATCH We are delighted with UK-India cooperation on Covishield, those travelling from India can now enter the UK without quaranti\xe2\x80\xa6'",54,WATCH,1667,1819,0.7,0.7
2021-10-09 03:41:58,"b'RT @ANI: #WATCH We are delighted with UK-India cooperation on Covishield, those travelling from India can now enter the UK without quaranti\xe2\x80\xa6'",54,WATCH,35,102,0.7,0.7
2021-10-09 03:41:47,"b'RT @ANI: #WATCH We are delighted with UK-India cooperation on Covishield, those travelling from India can now enter the UK without quaranti\xe2\x80\xa6'",54,WATCH,1102,1470,0.7,0.7
2021-10-09 03:41:45,"b'RT @ANI: #WATCH We are delighted with UK-India cooperation on Covishield, those travelling from India can now enter the UK without quaranti\xe2\x80\xa6'",54,WATCH,1871,4968,0.7,0.7
2021-10-09 03:41:28,"b'RT @ANI: #WATCH We are delighted with UK-India cooperation on Covishield, those travelling from India can now enter the UK without quaranti\xe2\x80\xa6'",54,WATCH,241,1990,0.7,0.7
2021-10-09 03:41:11,"b'RT @ANI: #WATCH We are delighted with UK-India cooperation on Covishield, those travelling from India can now enter the UK without quaranti\xe2\x80\xa6'",54,WATCH,4345,2160,0.7,0.7
2021-10-07 15:26:09,"b'RT @sidhant: Indian Govt gives permission to Serum Institute of India to send one million COVISHIELD doses each to Nepal, Myanmar, Banglade\xe2\x80\xa6'",394,None,571,2812,0.0,0.0
2021-10-07 15:24:12,"b'RT @sidhant: Indian Govt gives permission to Serum Institute of India to send one million COVISHIELD doses each to Nepal, Myanmar, Banglade\xe2\x80\xa6'",394,None,27,1113,0.0,0.0
2021-10-07 15:24:11,"b'RT @sidhant: Indian Govt gives permission to Serum Institute of India to send one million COVISHIELD doses each to Nepal, Myanmar, Banglade\xe2\x80\xa6'",394,None,108,1349,0.0,0.0
2021-10-07 15:24:04,b'Shahdara has at least 14956 new slots available between 07-10-21 &amp; 14-10-21.\n\nCovishield:\nDose1- 18+/45+:5601/0\nDos\xe2\x80\xa6 https://t.co/MlbRxns3Hl',0,None,208,8,0.41818181818181815,0.0787878787878788
2021-10-07 15:21:45,b'RT @CollectorJspur: Online booking of slots (100%) will be available on tomorrow dt. 08-10-2021 at 1 pm (for 1st dose) &amp; at 7 pm (for 2nd d\xe2\x80\xa6',26,None,1,240,0.2,0.2
2021-10-07 15:20:10,b'#India has allowed Serum Institute of India (SII) to export 10 lakh doses of #COVID19Vaccine #Covishield each to\xe2\x80\xa6 https://t.co/km9VVMalBh',1,India,1072772,59,0.0,0.0
2021-10-07 15:20:07,b'RT @arvindgunasekar: Vaccine developed and manufactured in India is much costlier than other vaccines.\nCOVAXIN developed and manufactured l\xe2\x80\xa6',910,None,2105,1778,0.29375,0.06875
2021-10-07 15:19:52,"b'RT @sidhant: Indian Govt gives permission to Serum Institute of India to send one million COVISHIELD doses each to Nepal, Myanmar, Banglade\xe2\x80\xa6'",394,None,36,899,0.0,0.0
2021-10-07 15:18:44,b'RT @CollectorJspur: Online booking of slots (100%) will be available on tomorrow dt. 08-10-2021 at 1 pm (for 1st dose) &amp; at 7 pm (for 2nd d\xe2\x80\xa6',26,None,3,11,0.2,0.2
2021-10-07 15:18:37,"b""RT @rkvweb: @drakchaurasia @amareshskumar @sankha_shubhra That's terrible news, sir. One of my elder aunts passed away two weeks ago. She h\xe2\x80\xa6""",2,None,3165,2085,1.0,-1.0
2021-10-07 15:18:05,"b'RT @gvenugopalan: @narendramodi @PMOIndia @MoHFW_INDIA @icmrdelhi @ICMRNIN @icmrnirt1 \n\nYou need to be one or more of the below, as you are\xe2\x80\xa6'",2,None,433,218,0.5,0.5
2021-10-07 15:17:58,"b'RT @sidhant: Indian Govt gives permission to Serum Institute of India to send one million COVISHIELD doses each to Nepal, Myanmar, Banglade\xe2\x80\xa6'",394,None,133,2072,0.0,0.0
2021-10-07 15:17:39,"b'RT @BgmVaccineWatch: [07/10] COVISHIELD (Dose 1 Qty-58, Dose 2 Qty-51, Ages-18+, Dates-09/10, 10/10, 12/10) available at - Noble Care Hospt\xe2\x80\xa6'",1,None,67,10,0.7666666666666666,0.08333333333333333
2021-10-07 15:17:29,"b'RT @sidhant: Indian Govt gives permission to Serum Institute of India to send one million COVISHIELD doses each to Nepal, Myanmar, Banglade\xe2\x80\xa6'",394,None,2116,1879,0.0,0.0
2021-10-07 15:17:24,"b'RT @sidhant: Indian Govt gives permission to Serum Institute of India to send one million COVISHIELD doses each to Nepal, Myanmar, Banglade\xe2\x80\xa6'",394,None,7414,550,0.0,0.0
2021-10-07 15:17:04,"b'RT @sidhant: Indian Govt gives permission to Serum Institute of India to send one million COVISHIELD doses each to Nepal, Myanmar, Banglade\xe2\x80\xa6'",394,None,187,85,0.0,0.0
2021-10-07 15:16:53,"b'RT @BgmVaccineWatch: [07/10] COVISHIELD (Dose 1 Qty-25, Dose 2 Qty-25, Ages-18+, Dates-07/10) available at - BHS Lakeview Hosp PVT Goaves,\xe2\x80\xa6'",1,None,67,10,0.7,-0.175
2021-10-07 15:16:50,b'RT @gvenugopalan: Or for that matter any other gene therapy jabs?\n\nCovishield (az for rest of the world) is used to jab indiscriminately al\xe2\x80\xa6',3,None,465,844,0.375,-0.125
2021-10-07 15:16:48,"b'Everything is fine but when will the flight open directly, when will we Indians get approval in Saudi to go directl\xe2\x80\xa6 https://t.co/xYEIyvZl9m'",6,None,11,70,0.4666666666666666,0.17222222222222225
2021-10-07 15:16:25,"b'RT @sidhant: Indian Govt gives permission to Serum Institute of India to send one million COVISHIELD doses each to Nepal, Myanmar, Banglade\xe2\x80\xa6'",394,None,244,234,0.0,0.0
2021-10-07 15:16:19,"b'RT @sidhant: Indian Govt gives permission to Serum Institute of India to send one million COVISHIELD doses each to Nepal, Myanmar, Banglade\xe2\x80\xa6'",394,None,279,1420,0.0,0.0
2021-10-07 15:16:13,"b'[07/10] COVISHIELD (Dose 1 Qty-58, Dose 2 Qty-51, Ages-18+, Dates-09/10, 10/10, 12/10) available at - Noble Care Ho\xe2\x80\xa6 https://t.co/klTOrmwwKT'",1,None,77,3,0.65,0.5
2021-10-07 15:16:13,"b'[07/10] COVISHIELD (Dose 1 Qty-25, Dose 2 Qty-25, Ages-18+, Dates-07/10) available at - BHS Lakeview Hosp PVT Goave\xe2\x80\xa6 https://t.co/M5FIRurb8u'",1,None,77,3,0.4,0.4
2021-10-07 15:15:35,b'RT @arvindgunasekar: Vaccine developed and manufactured in India is much costlier than other vaccines.\nCOVAXIN developed and manufactured l\xe2\x80\xa6',910,None,168,3092,0.29375,0.06875
2021-10-07 15:14:45,b'RT @Vaccine_MH12: &lt;&lt;&lt;Vaccine Alert&gt;&gt;&gt;\n\nDate:  09-10-2021\n\nPincode:  411038\nCenter Name:  PMC P Deoyani Multispeciality\n\nMinimum Age:  18\n\nV\xe2\x80\xa6',1,None,2628,3,0.0,0.0
2021-10-07 15:14:44,"b'RT @sidhant: Indian Govt gives permission to Serum Institute of India to send one million COVISHIELD doses each to Nepal, Myanmar, Banglade\xe2\x80\xa6'",394,None,259,5003,0.0,0.0
2021-10-07 15:13:38,b'RT @OsintUpdates: #Breaking: \xf0\x9f\x9a\xa8 Govt of India gives permission to Serum Institute of #India to send one million COVISHIELD doses each to #Ne\xe2\x80\xa6',11,Breaking,127,275,0.0,0.0
2021-10-07 15:13:16,"b'RT @sidhant: Indian Govt gives permission to Serum Institute of India to send one million COVISHIELD doses each to Nepal, Myanmar, Banglade\xe2\x80\xa6'",394,None,67,2131,0.0,0.0
2021-10-07 15:12:57,"b'RT @sidhant: Indian Govt gives permission to Serum Institute of India to send one million COVISHIELD doses each to Nepal, Myanmar, Banglade\xe2\x80\xa6'",394,None,124,151,0.0,0.0
2021-10-07 15:12:23,b'RT @mybmcWardMW: MAA Hospital Chembur \nTime 09.00 am to 5.00pm\n18  plus _ Covishield\nDose 1 online - 15 onspot - 15\nDose 2 online - 35 onsp\xe2\x80\xa6',2,None,3248,0,0.0,0.0
2021-10-07 15:12:22,"b'RT @sidhant: Indian Govt gives permission to Serum Institute of India to send one million COVISHIELD doses each to Nepal, Myanmar, Banglade\xe2\x80\xa6'",394,None,21,87,0.0,0.0
2021-10-07 15:11:59,"b'RT @sidhant: Indian Govt gives permission to Serum Institute of India to send one million COVISHIELD doses each to Nepal, Myanmar, Banglade\xe2\x80\xa6'",394,None,113,215,0.0,0.0
2021-10-07 15:11:59,"b'India to resume vaccine exports, to supply 1 mn doses of Covishield (AstraZeneca vaccine) to Bangladesh, Myanmar &amp;\xe2\x80\xa6 https://t.co/csEfYPurIG'",0,None,25502,546,0.0,0.0
2021-10-07 15:10:53,"b'RT @sidhant: Indian Govt gives permission to Serum Institute of India to send one million COVISHIELD doses each to Nepal, Myanmar, Banglade\xe2\x80\xa6'",394,None,208,1254,0.0,0.0
2021-10-07 15:10:08,b'&lt;&lt;&lt;Vaccine Alert&gt;&gt;&gt;\n\nDate:  09-10-2021\n\nPincode:  412207\nCenter Name:  PMC P Saaol Heart Center Wagh\n\nMinimum Age:\xe2\x80\xa6 https://t.co/vrbAQYeJnZ',0,None,18,0,0.1,-0.1
2021-10-07 15:10:06,b'&lt;&lt;&lt;Vaccine Alert&gt;&gt;&gt;\n\nDate:  08-10-2021\n\nPincode:  412207\nCenter Name:  PMC P Saaol Heart Center Wagh\n\nMinimum Age:\xe2\x80\xa6 https://t.co/bfu5O3zuLx',0,None,18,0,0.1,-0.1
2021-10-07 15:10:05,b'&lt;&lt;&lt;Vaccine Alert&gt;&gt;&gt;\n\nDate:  07-10-2021\n\nPincode:  412207\nCenter Name:  PMC P Saaol Heart Center Wagh\n\nMinimum Age:\xe2\x80\xa6 https://t.co/MBq3Q8oNqW',0,None,18,0,0.1,-0.1
2021-10-07 15:10:04,b'&lt;&lt;&lt;Vaccine Alert&gt;&gt;&gt;\n\nDate:  07-10-2021\n\nPincode:  411041\nCenter Name:  PMC G Babanrao Jadhav School\n\nMinimum Age:\xe2\x80\xa6 https://t.co/xD9gR99s65',0,None,18,0,0.0,0.0
2021-10-07 15:10:04,b'&lt;&lt;&lt;Vaccine Alert&gt;&gt;&gt;\n\nDate:  13-10-2021\n\nPincode:  411038\nCenter Name:  PMC P Deoyani Multispeciality\n\nMinimum Age:\xe2\x80\xa6 https://t.co/ywkIPsCXrW',0,None,18,0,0.0,0.0
2021-10-07 15:10:03,b'&lt;&lt;&lt;Vaccine Alert&gt;&gt;&gt;\n\nDate:  13-10-2021\n\nPincode:  411038\nCenter Name:  PMC P Deoyani Multispeciality\n\nMinimum Age:\xe2\x80\xa6 https://t.co/hROPVRoiSr',0,None,18,0,0.0,0.0
2021-10-07 15:10:03,b'&lt;&lt;&lt;Vaccine Alert&gt;&gt;&gt;\n\nDate:  12-10-2021\n\nPincode:  411038\nCenter Name:  PMC P Deoyani Multispeciality\n\nMinimum Age:\xe2\x80\xa6 https://t.co/QhcNV82TYY',0,None,18,0,0.0,0.0
2021-10-07 15:10:02,b'&lt;&lt;&lt;Vaccine Alert&gt;&gt;&gt;\n\nDate:  12-10-2021\n\nPincode:  411038\nCenter Name:  PMC P Deoyani Multispeciality\n\nMinimum Age:\xe2\x80\xa6 https://t.co/d1EmZrMNs7',0,None,18,0,0.0,0.0
2021-10-07 15:10:01,b'&lt;&lt;&lt;Vaccine Alert&gt;&gt;&gt;\n\nDate:  11-10-2021\n\nPincode:  411038\nCenter Name:  PMC P Deoyani Multispeciality\n\nMinimum Age:\xe2\x80\xa6 https://t.co/oTfA63XAW2',0,None,18,0,0.0,0.0
2021-10-07 15:10:00,b'&lt;&lt;&lt;Vaccine Alert&gt;&gt;&gt;\n\nDate:  11-10-2021\n\nPincode:  411038\nCenter Name:  PMC P Deoyani Multispeciality\n\nMinimum Age:\xe2\x80\xa6 https://t.co/Dl27aiw1WV',0,None,18,0,0.0,0.0
2021-10-07 15:10:00,b'&lt;&lt;&lt;Vaccine Alert&gt;&gt;&gt;\n\nDate:  09-10-2021\n\nPincode:  411038\nCenter Name:  PMC P Deoyani Multispeciality\n\nMinimum Age:\xe2\x80\xa6 https://t.co/eJZp1kbJsE',1,None,18,0,0.0,0.0
2021-10-07 15:09:59,b'&lt;&lt;&lt;Vaccine Alert&gt;&gt;&gt;\n\nDate:  09-10-2021\n\nPincode:  411038\nCenter Name:  PMC P Deoyani Multispeciality\n\nMinimum Age:\xe2\x80\xa6 https://t.co/djK0Pt9vle',0,None,18,0,0.0,0.0
2021-10-07 15:09:59,b'&lt;&lt;&lt;Vaccine Alert&gt;&gt;&gt;\n\nDate:  08-10-2021\n\nPincode:  411038\nCenter Name:  PMC P Deoyani Multispeciality\n\nMinimum Age:\xe2\x80\xa6 https://t.co/WRW4Z57zXJ',0,None,18,0,0.0,0.0
2021-10-07 15:09:58,b'&lt;&lt;&lt;Vaccine Alert&gt;&gt;&gt;\n\nDate:  08-10-2021\n\nPincode:  411038\nCenter Name:  PMC P Deoyani Multispeciality\n\nMinimum Age:\xe2\x80\xa6 https://t.co/1K8tVH9Zo6',0,None,18,0,0.0,0.0
2021-10-07 15:09:58,b'&lt;&lt;&lt;Vaccine Alert&gt;&gt;&gt;\n\nDate:  07-10-2021\n\nPincode:  411038\nCenter Name:  PMC P Deoyani Multispeciality\n\nMinimum Age:\xe2\x80\xa6 https://t.co/vSSvS38C9k',0,None,18,0,0.0,0.0
2021-10-07 15:09:57,b'&lt;&lt;&lt;Vaccine Alert&gt;&gt;&gt;\n\nDate:  07-10-2021\n\nPincode:  411038\nCenter Name:  PMC P Deoyani Multispeciality\n\nMinimum Age:\xe2\x80\xa6 https://t.co/C9r7Qta3Dk',0,None,18,0,0.0,0.0
